CREATE DATABASE IF NOT EXISTS `taxi` DEFAULT CHARACTER SET utf8mb4 COLLATE utf8mb4_hungarian_ci;
USE `taxi`;

CREATE TABLE `fuvar` (
  `id` int(11) NOT NULL,
  `rendszam` varchar(8) NOT NULL,
  `tav` int(11) NOT NULL,
  `tarifaid` int(11) NOT NULL,
  `mikor` date NOT NULL
) ENGINE=InnoDB DEFAULT CHARSET=utf8mb4 COLLATE=utf8mb4_hungarian_ci;

INSERT INTO `fuvar` (`id`, `rendszam`, `tav`, `tarifaid`, `mikor`) VALUES
(1, 'TAXI-761', 3, 1, '2025-10-14'),
(2, 'TAXI-393', 7, 1, '2025-10-14'),
(3, 'TAXI-399', 7, 1, '2025-10-12'),
(4, 'TAXI-399', 3, 2, '2025-10-13'),
(5, 'TAXI-294', 5, 1, '2025-10-12'),
(6, 'TAXI-761', 4, 1, '2025-10-13'),
(7, 'TAXI-742', 9, 1, '2025-10-12'),
(8, 'TAXI-999', 6, 1, '2025-10-12'),
(9, 'TAXI-294', 8, 3, '2025-10-14'),
(10, 'TAXI-503', 11, 1, '2025-10-14'),
(11, 'TAXI-089', 9, 1, '2025-10-14'),
(12, 'TAXI-742', 11, 1, '2025-10-14'),
(13, 'TAXI-132', 4, 1, '2025-10-13'),
(14, 'TAXI-399', 8, 1, '2025-10-12'),
(15, 'TAXI-294', 19, 1, '2025-10-12'),
(16, 'TAXI-999', 10, 1, '2025-10-12'),
(17, 'TAXI-089', 6, 1, '2025-10-12'),
(18, 'TAXI-999', 2, 1, '2025-10-13'),
(19, 'TAXI-393', 2, 1, '2025-10-14'),
(20, 'TAXI-089', 5, 1, '2025-10-13'),
(21, 'TAXI-999', 3, 1, '2025-10-13'),
(22, 'TAXI-442', 6, 1, '2025-10-12'),
(23, 'TAXI-089', 19, 1, '2025-10-14'),
(24, 'TAXI-399', 10, 1, '2025-10-12'),
(25, 'TAXI-999', 11, 1, '2025-10-13'),
(26, 'TAXI-294', 8, 3, '2025-10-14'),
(27, 'TAXI-761', 4, 1, '2025-10-13'),
(28, 'TAXI-393', 3, 1, '2025-10-14'),
(29, 'TAXI-761', 10, 1, '2025-10-13'),
(30, 'TAXI-761', 9, 1, '2025-10-12'),
(31, 'TAXI-761', 6, 1, '2025-10-13'),
(32, 'TAXI-089', 7, 2, '2025-10-12'),
(33, 'TAXI-294', 10, 1, '2025-10-14'),
(34, 'TAXI-442', 8, 2, '2025-10-12'),
(35, 'TAXI-393', 5, 1, '2025-10-13'),
(36, 'TAXI-742', 5, 1, '2025-10-13'),
(37, 'TAXI-132', 5, 1, '2025-10-12'),
(38, 'TAXI-132', 11, 1, '2025-10-13'),
(39, 'TAXI-503', 6, 1, '2025-10-12'),
(40, 'TAXI-631', 5, 1, '2025-10-14'),
(41, 'TAXI-399', 2, 1, '2025-10-12'),
(42, 'TAXI-442', 4, 1, '2025-10-12'),
(43, 'TAXI-132', 3, 3, '2025-10-12'),
(44, 'TAXI-503', 2, 1, '2025-10-14'),
(45, 'TAXI-503', 5, 1, '2025-10-12'),
(46, 'TAXI-089', 10, 1, '2025-10-13'),
(47, 'TAXI-761', 4, 1, '2025-10-14'),
(48, 'TAXI-503', 2, 1, '2025-10-12'),
(49, 'TAXI-742', 3, 1, '2025-10-12'),
(50, 'TAXI-761', 9, 1, '2025-10-14'),
(51, 'TAXI-089', 6, 1, '2025-10-14'),
(52, 'TAXI-393', 6, 1, '2025-10-12'),
(53, 'TAXI-503', 4, 1, '2025-10-14'),
(54, 'TAXI-294', 7, 1, '2025-10-14'),
(55, 'TAXI-631', 5, 1, '2025-10-14'),
(56, 'TAXI-442', 5, 3, '2025-10-12'),
(57, 'TAXI-761', 9, 2, '2025-10-13'),
(58, 'TAXI-503', 2, 1, '2025-10-14'),
(59, 'TAXI-631', 7, 1, '2025-10-13'),
(60, 'TAXI-853', 3, 1, '2025-10-14'),
(61, 'TAXI-999', 9, 1, '2025-10-12'),
(62, 'TAXI-294', 2, 1, '2025-10-13'),
(63, 'TAXI-999', 7, 1, '2025-10-13'),
(64, 'TAXI-089', 11, 1, '2025-10-13'),
(65, 'TAXI-294', 7, 1, '2025-10-12'),
(66, 'TAXI-132', 6, 1, '2025-10-12'),
(67, 'TAXI-442', 6, 1, '2025-10-14'),
(68, 'TAXI-399', 14, 1, '2025-10-14'),
(69, 'TAXI-742', 9, 1, '2025-10-14'),
(70, 'TAXI-761', 5, 1, '2025-10-14'),
(71, 'TAXI-761', 10, 1, '2025-10-12'),
(72, 'TAXI-761', 4, 1, '2025-10-14'),
(73, 'TAXI-631', 3, 1, '2025-10-13'),
(74, 'TAXI-442', 11, 1, '2025-10-13'),
(75, 'TAXI-999', 5, 1, '2025-10-13'),
(76, 'TAXI-503', 3, 1, '2025-10-12'),
(77, 'TAXI-761', 10, 1, '2025-10-12'),
(78, 'TAXI-503', 11, 1, '2025-10-14'),
(79, 'TAXI-442', 9, 1, '2025-10-12'),
(80, 'TAXI-294', 3, 1, '2025-10-12'),
(81, 'TAXI-761', 11, 1, '2025-10-13'),
(82, 'TAXI-089', 7, 1, '2025-10-12'),
(83, 'TAXI-393', 3, 1, '2025-10-14'),
(84, 'TAXI-132', 2, 1, '2025-10-13'),
(85, 'TAXI-761', 10, 1, '2025-10-14'),
(86, 'TAXI-294', 2, 1, '2025-10-13'),
(87, 'TAXI-132', 4, 1, '2025-10-12'),
(88, 'TAXI-442', 11, 1, '2025-10-13'),
(89, 'TAXI-999', 6, 1, '2025-10-13'),
(90, 'TAXI-399', 2, 1, '2025-10-14'),
(91, 'TAXI-294', 7, 1, '2025-10-12'),
(92, 'TAXI-132', 5, 1, '2025-10-12'),
(93, 'TAXI-503', 4, 1, '2025-10-13'),
(94, 'TAXI-853', 3, 3, '2025-10-12'),
(95, 'TAXI-631', 5, 1, '2025-10-14'),
(96, 'TAXI-132', 8, 1, '2025-10-14'),
(97, 'TAXI-761', 8, 3, '2025-10-12'),
(98, 'TAXI-761', 6, 1, '2025-10-13'),
(99, 'TAXI-853', 9, 1, '2025-10-12'),
(100, 'TAXI-393', 6, 1, '2025-10-14'),
(101, 'TAXI-761', 9, 1, '2025-10-13'),
(102, 'TAXI-742', 10, 1, '2025-10-12'),
(103, 'TAXI-294', 9, 1, '2025-10-14'),
(104, 'TAXI-853', 11, 2, '2025-10-14'),
(105, 'TAXI-442', 10, 1, '2025-10-12'),
(106, 'TAXI-132', 10, 1, '2025-10-14'),
(107, 'TAXI-853', 6, 1, '2025-10-14'),
(108, 'TAXI-503', 6, 1, '2025-10-14'),
(109, 'TAXI-132', 11, 1, '2025-10-14'),
(110, 'TAXI-442', 9, 1, '2025-10-14'),
(111, 'TAXI-761', 8, 1, '2025-10-12'),
(112, 'TAXI-631', 8, 1, '2025-10-14'),
(113, 'TAXI-999', 7, 1, '2025-10-12'),
(114, 'TAXI-999', 15, 1, '2025-10-12'),
(115, 'TAXI-132', 11, 1, '2025-10-13'),
(116, 'TAXI-294', 5, 1, '2025-10-13'),
(117, 'TAXI-399', 8, 1, '2025-10-13'),
(118, 'TAXI-853', 3, 1, '2025-10-12'),
(119, 'TAXI-089', 5, 1, '2025-10-13'),
(120, 'TAXI-503', 7, 1, '2025-10-14'),
(121, 'TAXI-393', 8, 1, '2025-10-13'),
(122, 'TAXI-503', 3, 1, '2025-10-14'),
(123, 'TAXI-503', 6, 1, '2025-10-13'),
(124, 'TAXI-089', 10, 1, '2025-10-14'),
(125, 'TAXI-399', 9, 1, '2025-10-12'),
(126, 'TAXI-294', 10, 1, '2025-10-12'),
(127, 'TAXI-761', 4, 1, '2025-10-12'),
(128, 'TAXI-089', 11, 1, '2025-10-13'),
(129, 'TAXI-761', 10, 1, '2025-10-13'),
(130, 'TAXI-089', 4, 3, '2025-10-13'),
(131, 'TAXI-503', 8, 3, '2025-10-12'),
(132, 'TAXI-393', 8, 1, '2025-10-14'),
(133, 'TAXI-999', 2, 3, '2025-10-14'),
(134, 'TAXI-503', 10, 1, '2025-10-13'),
(135, 'TAXI-393', 6, 1, '2025-10-12'),
(136, 'TAXI-853', 8, 1, '2025-10-12'),
(137, 'TAXI-442', 6, 1, '2025-10-12'),
(138, 'TAXI-742', 7, 1, '2025-10-12'),
(139, 'TAXI-631', 6, 1, '2025-10-13'),
(140, 'TAXI-503', 8, 1, '2025-10-13'),
(141, 'TAXI-742', 6, 2, '2025-10-14'),
(142, 'TAXI-294', 7, 1, '2025-10-12'),
(143, 'TAXI-999', 6, 1, '2025-10-12'),
(144, 'TAXI-503', 7, 1, '2025-10-12'),
(145, 'TAXI-742', 9, 1, '2025-10-14'),
(146, 'TAXI-631', 6, 1, '2025-10-13'),
(147, 'TAXI-132', 3, 1, '2025-10-12'),
(148, 'TAXI-089', 11, 1, '2025-10-13'),
(149, 'TAXI-294', 11, 1, '2025-10-13'),
(150, 'TAXI-089', 10, 1, '2025-10-14'),
(151, 'TAXI-399', 7, 1, '2025-10-13'),
(152, 'TAXI-503', 11, 1, '2025-10-13'),
(153, 'TAXI-294', 6, 3, '2025-10-12'),
(154, 'TAXI-761', 11, 1, '2025-10-12'),
(155, 'TAXI-503', 11, 1, '2025-10-12'),
(156, 'TAXI-631', 10, 1, '2025-10-14'),
(157, 'TAXI-294', 5, 1, '2025-10-14'),
(158, 'TAXI-442', 4, 1, '2025-10-13'),
(159, 'TAXI-399', 6, 1, '2025-10-14'),
(160, 'TAXI-294', 5, 1, '2025-10-12'),
(161, 'TAXI-393', 8, 1, '2025-10-14'),
(162, 'TAXI-742', 5, 1, '2025-10-12'),
(163, 'TAXI-089', 8, 1, '2025-10-12'),
(164, 'TAXI-399', 6, 1, '2025-10-12'),
(165, 'TAXI-631', 11, 1, '2025-10-14'),
(166, 'TAXI-853', 11, 1, '2025-10-12'),
(167, 'TAXI-089', 13, 2, '2025-10-12'),
(168, 'TAXI-294', 3, 1, '2025-10-13'),
(169, 'TAXI-503', 9, 1, '2025-10-13'),
(170, 'TAXI-503', 6, 1, '2025-10-13'),
(171, 'TAXI-442', 7, 1, '2025-10-12'),
(172, 'TAXI-294', 3, 1, '2025-10-14'),
(173, 'TAXI-442', 3, 1, '2025-10-13'),
(174, 'TAXI-393', 10, 1, '2025-10-12'),
(175, 'TAXI-631', 4, 2, '2025-10-14'),
(176, 'TAXI-089', 8, 1, '2025-10-13'),
(177, 'TAXI-399', 10, 1, '2025-10-13'),
(178, 'TAXI-853', 3, 1, '2025-10-12'),
(179, 'TAXI-999', 8, 3, '2025-10-12'),
(180, 'TAXI-503', 7, 3, '2025-10-12'),
(181, 'TAXI-999', 6, 1, '2025-10-14'),
(182, 'TAXI-294', 11, 1, '2025-10-13'),
(183, 'TAXI-393', 8, 1, '2025-10-13'),
(184, 'TAXI-761', 5, 1, '2025-10-14'),
(185, 'TAXI-503', 9, 1, '2025-10-12'),
(186, 'TAXI-631', 5, 1, '2025-10-14'),
(187, 'TAXI-442', 6, 1, '2025-10-13'),
(188, 'TAXI-399', 6, 2, '2025-10-13'),
(189, 'TAXI-503', 11, 1, '2025-10-14'),
(190, 'TAXI-442', 8, 1, '2025-10-13'),
(191, 'TAXI-503', 4, 1, '2025-10-12'),
(192, 'TAXI-761', 6, 1, '2025-10-12'),
(193, 'TAXI-294', 9, 1, '2025-10-13'),
(194, 'TAXI-742', 2, 1, '2025-10-13'),
(195, 'TAXI-999', 2, 1, '2025-10-12'),
(196, 'TAXI-294', 6, 1, '2025-10-13'),
(197, 'TAXI-393', 11, 1, '2025-10-14'),
(198, 'TAXI-393', 9, 1, '2025-10-12'),
(199, 'TAXI-999', 6, 2, '2025-10-13'),
(200, 'TAXI-442', 3, 1, '2025-10-14'),
(201, 'TAXI-393', 5, 1, '2025-10-14'),
(202, 'TAXI-999', 6, 1, '2025-10-14'),
(203, 'TAXI-442', 5, 1, '2025-10-13'),
(204, 'TAXI-399', 2, 1, '2025-10-12'),
(205, 'TAXI-853', 11, 1, '2025-10-13'),
(206, 'TAXI-631', 5, 1, '2025-10-12'),
(207, 'TAXI-294', 6, 1, '2025-10-12'),
(208, 'TAXI-503', 9, 1, '2025-10-12'),
(209, 'TAXI-503', 4, 1, '2025-10-13'),
(210, 'TAXI-393', 5, 1, '2025-10-13'),
(211, 'TAXI-294', 6, 1, '2025-10-12'),
(212, 'TAXI-631', 9, 1, '2025-10-12'),
(213, 'TAXI-631', 8, 1, '2025-10-14'),
(214, 'TAXI-089', 12, 1, '2025-10-14'),
(215, 'TAXI-132', 5, 1, '2025-10-13'),
(216, 'TAXI-294', 2, 1, '2025-10-13'),
(217, 'TAXI-631', 7, 3, '2025-10-13'),
(218, 'TAXI-631', 3, 1, '2025-10-14'),
(219, 'TAXI-999', 11, 1, '2025-10-13'),
(220, 'TAXI-399', 10, 1, '2025-10-13'),
(221, 'TAXI-132', 5, 3, '2025-10-14'),
(222, 'TAXI-294', 3, 1, '2025-10-13'),
(223, 'TAXI-742', 2, 1, '2025-10-13'),
(224, 'TAXI-761', 4, 1, '2025-10-13'),
(225, 'TAXI-442', 7, 1, '2025-10-13'),
(226, 'TAXI-294', 9, 1, '2025-10-13'),
(227, 'TAXI-761', 8, 1, '2025-10-12'),
(228, 'TAXI-503', 3, 2, '2025-10-12'),
(229, 'TAXI-442', 4, 1, '2025-10-13'),
(230, 'TAXI-503', 4, 1, '2025-10-13'),
(231, 'TAXI-132', 4, 1, '2025-10-13'),
(232, 'TAXI-089', 7, 2, '2025-10-13'),
(233, 'TAXI-132', 5, 1, '2025-10-14'),
(234, 'TAXI-503', 7, 3, '2025-10-12'),
(235, 'TAXI-399', 5, 2, '2025-10-13'),
(236, 'TAXI-089', 4, 1, '2025-10-14'),
(237, 'TAXI-742', 22, 3, '2025-10-13'),
(238, 'TAXI-853', 5, 2, '2025-10-12'),
(239, 'TAXI-294', 11, 1, '2025-10-13'),
(240, 'TAXI-999', 2, 1, '2025-10-13'),
(241, 'TAXI-442', 6, 1, '2025-10-13'),
(242, 'TAXI-089', 3, 1, '2025-10-13'),
(243, 'TAXI-999', 6, 1, '2025-10-12'),
(244, 'TAXI-132', 9, 1, '2025-10-12'),
(245, 'TAXI-761', 7, 1, '2025-10-12'),
(246, 'TAXI-442', 2, 1, '2025-10-13'),
(247, 'TAXI-442', 8, 1, '2025-10-13'),
(248, 'TAXI-853', 6, 1, '2025-10-13'),
(249, 'TAXI-089', 6, 1, '2025-10-14'),
(250, 'TAXI-853', 6, 1, '2025-10-14'),
(251, 'TAXI-442', 11, 1, '2025-10-13'),
(252, 'TAXI-761', 8, 1, '2025-10-13'),
(253, 'TAXI-294', 11, 1, '2025-10-12'),
(254, 'TAXI-631', 7, 1, '2025-10-13'),
(255, 'TAXI-294', 10, 1, '2025-10-14'),
(256, 'TAXI-631', 3, 1, '2025-10-14'),
(257, 'TAXI-393', 9, 2, '2025-10-12'),
(258, 'TAXI-853', 9, 2, '2025-10-14'),
(259, 'TAXI-742', 6, 1, '2025-10-12'),
(260, 'TAXI-853', 3, 1, '2025-10-13'),
(261, 'TAXI-503', 10, 1, '2025-10-14'),
(262, 'TAXI-132', 5, 1, '2025-10-12'),
(263, 'TAXI-503', 6, 1, '2025-10-14'),
(264, 'TAXI-399', 8, 1, '2025-10-14'),
(265, 'TAXI-761', 2, 1, '2025-10-13'),
(266, 'TAXI-999', 7, 1, '2025-10-12'),
(267, 'TAXI-503', 10, 1, '2025-10-14'),
(268, 'TAXI-132', 2, 1, '2025-10-14'),
(269, 'TAXI-503', 8, 1, '2025-10-13'),
(270, 'TAXI-503', 10, 1, '2025-10-12'),
(271, 'TAXI-132', 7, 1, '2025-10-14'),
(272, 'TAXI-089', 7, 1, '2025-10-13'),
(273, 'TAXI-132', 7, 2, '2025-10-13'),
(274, 'TAXI-089', 9, 1, '2025-10-14'),
(275, 'TAXI-761', 8, 1, '2025-10-12'),
(276, 'TAXI-742', 10, 1, '2025-10-14'),
(277, 'TAXI-631', 3, 1, '2025-10-13'),
(278, 'TAXI-442', 6, 1, '2025-10-12'),
(279, 'TAXI-631', 11, 3, '2025-10-12'),
(280, 'TAXI-631', 4, 1, '2025-10-14'),
(281, 'TAXI-089', 13, 1, '2025-10-13'),
(282, 'TAXI-742', 4, 1, '2025-10-12'),
(283, 'TAXI-089', 10, 3, '2025-10-12'),
(284, 'TAXI-999', 10, 1, '2025-10-13'),
(285, 'TAXI-132', 3, 1, '2025-10-14'),
(286, 'TAXI-442', 5, 1, '2025-10-13'),
(287, 'TAXI-089', 5, 1, '2025-10-14'),
(288, 'TAXI-761', 4, 1, '2025-10-14'),
(289, 'TAXI-442', 10, 1, '2025-10-14'),
(290, 'TAXI-132', 4, 1, '2025-10-12'),
(291, 'TAXI-089', 2, 1, '2025-10-14'),
(292, 'TAXI-393', 8, 1, '2025-10-13'),
(293, 'TAXI-761', 4, 1, '2025-10-14'),
(294, 'TAXI-631', 11, 1, '2025-10-13'),
(295, 'TAXI-089', 11, 1, '2025-10-13'),
(296, 'TAXI-853', 7, 2, '2025-10-13'),
(297, 'TAXI-442', 5, 1, '2025-10-12'),
(298, 'TAXI-393', 4, 1, '2025-10-13'),
(299, 'TAXI-999', 8, 1, '2025-10-14'),
(300, 'TAXI-853', 9, 1, '2025-10-13'),
(301, 'TAXI-742', 23, 1, '2025-10-14'),
(302, 'TAXI-631', 2, 1, '2025-10-13'),
(303, 'TAXI-399', 11, 1, '2025-10-14'),
(304, 'TAXI-132', 7, 1, '2025-10-12'),
(305, 'TAXI-742', 8, 1, '2025-10-14'),
(306, 'TAXI-853', 4, 1, '2025-10-14'),
(307, 'TAXI-294', 6, 1, '2025-10-12'),
(308, 'TAXI-742', 6, 1, '2025-10-13'),
(309, 'TAXI-999', 5, 1, '2025-10-14'),
(310, 'TAXI-999', 7, 1, '2025-10-12'),
(311, 'TAXI-853', 5, 1, '2025-10-12'),
(312, 'TAXI-742', 9, 1, '2025-10-13'),
(313, 'TAXI-742', 3, 1, '2025-10-14'),
(314, 'TAXI-132', 9, 1, '2025-10-13'),
(315, 'TAXI-631', 8, 1, '2025-10-12'),
(316, 'TAXI-089', 15, 1, '2025-10-13'),
(317, 'TAXI-442', 5, 1, '2025-10-12'),
(318, 'TAXI-503', 3, 2, '2025-10-12'),
(319, 'TAXI-294', 2, 3, '2025-10-12'),
(320, 'TAXI-503', 5, 3, '2025-10-12'),
(321, 'TAXI-442', 7, 1, '2025-10-14'),
(322, 'TAXI-132', 10, 1, '2025-10-12'),
(323, 'TAXI-742', 5, 1, '2025-10-14');

CREATE TABLE `gepkocsi` (
  `sofor` varchar(50) NOT NULL,
  `engedely` varchar(5) NOT NULL,
  `rendszam` varchar(8) NOT NULL,
  `utasszam` int(11) NOT NULL,
  `vizsga` tinyint(1) NOT NULL
) ENGINE=InnoDB DEFAULT CHARSET=utf8mb4 COLLATE=utf8mb4_hungarian_ci;

INSERT INTO `gepkocsi` (`sofor`, `engedely`, `rendszam`, `utasszam`, `vizsga`) VALUES
('Stofin Elek', 'X-789', 'TAXI-089', 4, 1),
('Szokai Imre', 'X-238', 'TAXI-132', 3, 1),
('Molnár Zoltán', 'X-230', 'TAXI-294', 6, 1),
('Tari Norbert', 'X-982', 'TAXI-393', 6, 1),
('Zerk Géza', 'X-145', 'TAXI-399', 3, 0),
('Guzmin Albert', 'X-439', 'TAXI-442', 3, 1),
('Berger Georgina', 'X-787', 'TAXI-503', 3, 1),
('Zólyomi Béla', 'X-224', 'TAXI-631', 6, 1),
('Stofin Keve', 'X-508', 'TAXI-742', 4, 0),
('Izsó Ferenc', 'X-712', 'TAXI-761', 4, 0),
('Pipás Imre', 'X-119', 'TAXI-853', 4, 1),
('Szokai Ada', 'X-415', 'TAXI-999', 4, 1);

CREATE TABLE `tarifa` (
  `id` int(11) NOT NULL,
  `tipus` varchar(50) NOT NULL,
  `dij` int(11) NOT NULL
) ENGINE=InnoDB DEFAULT CHARSET=utf8mb4 COLLATE=utf8mb4_hungarian_ci;

INSERT INTO `tarifa` (`id`, `tipus`, `dij`) VALUES
(1, 'alkalmi', 440),
(2, 'szerződéses', 400),
(3, 'törzsutas', 350);


ALTER TABLE `fuvar`
  ADD PRIMARY KEY (`id`),
  ADD KEY `tarifaid` (`tarifaid`),
  ADD KEY `rendszam` (`rendszam`);

ALTER TABLE `gepkocsi`
  ADD PRIMARY KEY (`rendszam`);

ALTER TABLE `tarifa`
  ADD PRIMARY KEY (`id`);


ALTER TABLE `fuvar`
  ADD CONSTRAINT `fuvar_ibfk_1` FOREIGN KEY (`tarifaid`) REFERENCES `tarifa` (`id`),
  ADD CONSTRAINT `fuvar_ibfk_2` FOREIGN KEY (`rendszam`) REFERENCES `gepkocsi` (`rendszam`);
COMMIT;
